Place of Residence,Age Group,Gender,Tipo de dificuldade,Não tem nenhuma dificuldade,Tem alguma dificuldade,Tem muita dificuldade,Não consegue efetuar a ação,freguesia_code,municipio,region
Grande Lisboa,Total,H,Ver,600112,166934,17360,2191,1A0,,Grande Lisboa
Grande Lisboa,Total,H,Ouvir,683034,82675,16231,2000,1A0,,Grande Lisboa
Grande Lisboa,Total,H,Andar ou subir degraus,670891,86642,24252,5417,1A0,,Grande Lisboa
Grande Lisboa,Total,H,Memória ou concentração,646979,120569,14294,4284,1A0,,Grande Lisboa
Grande Lisboa,Total,H,Compreender os outros ou fazer-se compreender,746702,31372,6276,2504,1A0,,Grande Lisboa
Grande Lisboa,Total,M,Ver,618614,261878,36400,2424,1A0,,Grande Lisboa
Grande Lisboa,Total,M,Ouvir,787573,101554,24294,2386,1A0,,Grande Lisboa
Grande Lisboa,Total,M,Andar ou subir degraus,698798,153078,57657,10444,1A0,,Grande Lisboa
Grande Lisboa,Total,M,Memória ou concentração,692192,190287,27410,8617,1A0,,Grande Lisboa
Grande Lisboa,Total,M,Compreender os outros ou fazer-se compreender,864757,41663,8752,4352,1A0,,Grande Lisboa
Grande Lisboa,15 - 19 anos,H,Ver,48634,4365,322,47,1A0,,Grande Lisboa
Grande Lisboa,15 - 19 anos,H,Ouvir,52588,544,76,42,1A0,,Grande Lisboa
Grande Lisboa,15 - 19 anos,H,Andar ou subir degraus,52794,379,82,79,1A0,,Grande Lisboa
Grande Lisboa,15 - 19 anos,H,Memória ou concentração,49507,3187,453,132,1A0,,Grande Lisboa
Grande Lisboa,15 - 19 anos,H,Compreender os outros ou fazer-se compreender,51769,1204,208,120,1A0,,Grande Lisboa
Grande Lisboa,15 - 19 anos,M,Ver,44230,6836,544,26,1A0,,Grande Lisboa
Grande Lisboa,15 - 19 anos,M,Ouvir,50722,673,62,31,1A0,,Grande Lisboa
Grande Lisboa,15 - 19 anos,M,Andar ou subir degraus,50799,675,102,72,1A0,,Grande Lisboa
Grande Lisboa,15 - 19 anos,M,Memória ou concentração,47490,3640,353,95,1A0,,Grande Lisboa
Grande Lisboa,15 - 19 anos,M,Compreender os outros ou fazer-se compreender,50524,869,134,64,1A0,,Grande Lisboa
Grande Lisboa,20 - 24 anos,H,Ver,50424,4949,394,63,1A0,,Grande Lisboa
Grande Lisboa,20 - 24 anos,H,Ouvir,54809,731,73,78,1A0,,Grande Lisboa
Grande Lisboa,20 - 24 anos,H,Andar ou subir degraus,55062,552,111,105,1A0,,Grande Lisboa
Grande Lisboa,20 - 24 anos,H,Memória ou concentração,51929,3319,375,141,1A0,,Grande Lisboa
Grande Lisboa,20 - 24 anos,H,Compreender os outros ou fazer-se compreender,54220,1200,229,124,1A0,,Grande Lisboa
Grande Lisboa,20 - 24 anos,M,Ver,46280,8090,585,52,1A0,,Grande Lisboa
Grande Lisboa,20 - 24 anos,M,Ouvir,53678,992,106,55,1A0,,Grande Lisboa
Grande Lisboa,20 - 24 anos,M,Andar ou subir degraus,53736,1066,121,94,1A0,,Grande Lisboa
Grande Lisboa,20 - 24 anos,M,Memória ou concentração,49696,4786,390,99,1A0,,Grande Lisboa
Grande Lisboa,20 - 24 anos,M,Compreender os outros ou fazer-se compreender,53744,1008,144,86,1A0,,Grande Lisboa
Grande Lisboa,25 - 29 anos,H,Ver,52793,5608,427,97,1A0,,Grande Lisboa
Grande Lisboa,25 - 29 anos,H,Ouvir,57410,1104,112,116,1A0,,Grande Lisboa
Grande Lisboa,25 - 29 anos,H,Andar ou subir degraus,57740,859,154,155,1A0,,Grande Lisboa
Grande Lisboa,25 - 29 anos,H,Memória ou concentração,53805,4522,387,136,1A0,,Grande Lisboa
Grande Lisboa,25 - 29 anos,H,Compreender os outros ou fazer-se compreender,56957,1540,249,122,1A0,,Grande Lisboa
Grande Lisboa,25 - 29 anos,M,Ver,49966,9372,585,60,1A0,,Grande Lisboa
Grande Lisboa,25 - 29 anos,M,Ouvir,58252,1358,110,72,1A0,,Grande Lisboa
Grande Lisboa,25 - 29 anos,M,Andar ou subir degraus,58339,1371,161,104,1A0,,Grande Lisboa
Grande Lisboa,25 - 29 anos,M,Memória ou concentração,52980,6393,433,126,1A0,,Grande Lisboa
Grande Lisboa,25 - 29 anos,M,Compreender os outros ou fazer-se compreender,58452,1255,168,85,1A0,,Grande Lisboa
Grande Lisboa,30 - 34 anos,H,Ver,54175,5826,367,97,1A0,,Grande Lisboa
Grande Lisboa,30 - 34 anos,H,Ouvir,58578,1488,123,115,1A0,,Grande Lisboa
Grande Lisboa,30 - 34 anos,H,Andar ou subir degraus,58929,1192,187,140,1A0,,Grande Lisboa
Grande Lisboa,30 - 34 anos,H,Memória ou concentração,54803,5072,354,155,1A0,,Grande Lisboa
Grande Lisboa,30 - 34 anos,H,Compreender os outros ou fazer-se compreender,58321,1736,248,100,1A0,,Grande Lisboa
Grande Lisboa,30 - 34 anos,M,Ver,52314,9982,618,85,1A0,,Grande Lisboa
Grande Lisboa,30 - 34 anos,M,Ouvir,60927,1651,122,116,1A0,,Grande Lisboa
Grande Lisboa,30 - 34 anos,M,Andar ou subir degraus,60798,1918,215,108,1A0,,Grande Lisboa
Grande Lisboa,30 - 34 anos,M,Memória ou concentração,54699,7779,382,137,1A0,,Grande Lisboa
Grande Lisboa,30 - 34 anos,M,Compreender os outros ou fazer-se compreender,61162,1565,196,81,1A0,,Grande Lisboa
Grande Lisboa,35 - 39 anos,H,Ver,57151,6451,409,126,1A0,,Grande Lisboa
Grande Lisboa,35 - 39 anos,H,Ouvir,61785,1900,144,137,1A0,,Grande Lisboa
Grande Lisboa,35 - 39 anos,H,Andar ou subir degraus,61951,1762,288,141,1A0,,Grande Lisboa
Grande Lisboa,35 - 39 anos,H,Memória ou concentração,57853,5701,417,154,1A0,,Grande Lisboa
Grande Lisboa,35 - 39 anos,H,Compreender os outros ou fazer-se compreender,62033,1721,275,100,1A0,,Grande Lisboa
Grande Lisboa,35 - 39 anos,M,Ver,57382,10761,650,110,1A0,,Grande Lisboa
Grande Lisboa,35 - 39 anos,M,Ouvir,66228,2194,157,132,1A0,,Grande Lisboa
Grande Lisboa,35 - 39 anos,M,Andar ou subir degraus,65569,2912,327,133,1A0,,Grande Lisboa
Grande Lisboa,35 - 39 anos,M,Memória ou concentração,59255,8948,531,151,1A0,,Grande Lisboa
Grande Lisboa,35 - 39 anos,M,Compreender os outros ou fazer-se compreender,67088,1564,185,102,1A0,,Grande Lisboa
Grande Lisboa,40 - 44 anos,H,Ver,62218,9556,533,150,1A0,,Grande Lisboa
Grande Lisboa,40 - 44 anos,H,Ouvir,69057,2845,256,155,1A0,,Grande Lisboa
Grande Lisboa,40 - 44 anos,H,Andar ou subir degraus,68995,2855,488,175,1A0,,Grande Lisboa
Grande Lisboa,40 - 44 anos,H,Memória ou concentração,64789,6982,492,179,1A0,,Grande Lisboa
Grande Lisboa,40 - 44 anos,H,Compreender os outros ou fazer-se compreender,70336,1701,297,126,1A0,,Grande Lisboa
Grande Lisboa,40 - 44 anos,M,Ver,63435,16004,987,132,1A0,,Grande Lisboa
Grande Lisboa,40 - 44 anos,M,Ouvir,76723,3193,272,163,1A0,,Grande Lisboa
Grande Lisboa,40 - 44 anos,M,Andar ou subir degraus,74728,5014,673,189,1A0,,Grande Lisboa
Grande Lisboa,40 - 44 anos,M,Memória ou concentração,68220,11388,732,210,1A0,,Grande Lisboa
Grande Lisboa,40 - 44 anos,M,Compreender os outros ou fazer-se compreender,78415,1821,243,131,1A0,,Grande Lisboa
Grande Lisboa,45 - 49 anos,H,Ver,55733,16957,918,151,1A0,,Grande Lisboa
Grande Lisboa,45 - 49 anos,H,Ouvir,68655,4278,398,179,1A0,,Grande Lisboa
Grande Lisboa,45 - 49 anos,H,Andar ou subir degraus,68662,4253,692,210,1A0,,Grande Lisboa
Grande Lisboa,45 - 49 anos,H,Memória ou concentração,64732,8255,598,194,1A0,,Grande Lisboa
Grande Lisboa,45 - 49 anos,H,Compreender os outros ou fazer-se compreender,71501,1884,304,110,1A0,,Grande Lisboa
Grande Lisboa,45 - 49 anos,M,Ver,56290,24795,1729,155,1A0,,Grande Lisboa
Grande Lisboa,45 - 49 anos,M,Ouvir,77556,4501,422,186,1A0,,Grande Lisboa
Grande Lisboa,45 - 49 anos,M,Andar ou subir degraus,74270,7498,1051,198,1A0,,Grande Lisboa
Grande Lisboa,45 - 49 anos,M,Memória ou concentração,68592,13172,929,239,1A0,,Grande Lisboa
Grande Lisboa,45 - 49 anos,M,Compreender os outros ou fazer-se compreender,80555,2095,263,130,1A0,,Grande Lisboa
Grande Lisboa,50 - 54 anos,H,Ver,43955,18806,1203,161,1A0,,Grande Lisboa
Grande Lisboa,50 - 54 anos,H,Ouvir,58077,5150,494,171,1A0,,Grande Lisboa
Grande Lisboa,50 - 54 anos,H,Andar ou subir degraus,57360,5561,972,249,1A0,,Grande Lisboa
Grande Lisboa,50 - 54 anos,H,Memória ou concentração,54594,8613,666,219,1A0,,Grande Lisboa
Grande Lisboa,50 - 54 anos,H,Compreender os outros ou fazer-se compreender,61706,1979,347,138,1A0,,Grande Lisboa
Grande Lisboa,50 - 54 anos,M,Ver,46008,25222,2166,147,1A0,,Grande Lisboa
Grande Lisboa,50 - 54 anos,M,Ouvir,67170,5357,513,166,1A0,,Grande Lisboa
Grande Lisboa,50 - 54 anos,M,Andar ou subir degraus,61483,10162,1681,206,1A0,,Grande Lisboa
Grande Lisboa,50 - 54 anos,M,Memória ou concentração,58547,13622,1062,226,1A0,,Grande Lisboa
Grande Lisboa,50 - 54 anos,M,Compreender os outros ou fazer-se compreender,70988,2186,255,108,1A0,,Grande Lisboa
Grande Lisboa,55 - 59 anos,H,Ver,38983,17464,1367,151,1A0,,Grande Lisboa
Grande Lisboa,55 - 59 anos,H,Ouvir,50468,6387,663,157,1A0,,Grande Lisboa
Grande Lisboa,55 - 59 anos,H,Andar ou subir degraus,48918,7364,1474,242,1A0,,Grande Lisboa
Grande Lisboa,55 - 59 anos,H,Memória ou concentração,47553,9304,846,184,1A0,,Grande Lisboa
Grande Lisboa,55 - 59 anos,H,Compreender os outros ou fazer-se compreender,55398,2082,358,119,1A0,,Grande Lisboa
Grande Lisboa,55 - 59 anos,M,Ver,42595,23930,2348,128,1A0,,Grande Lisboa
Grande Lisboa,55 - 59 anos,M,Ouvir,61177,6552,769,155,1A0,,Grande Lisboa
Grande Lisboa,55 - 59 anos,M,Andar ou subir degraus,52942,13242,2633,226,1A0,,Grande Lisboa
Grande Lisboa,55 - 59 anos,M,Memória ou concentração,52700,14648,1325,233,1A0,,Grande Lisboa
Grande Lisboa,55 - 59 anos,M,Compreender os outros ou fazer-se compreender,66163,2385,333,126,1A0,,Grande Lisboa
Grande Lisboa,60 - 64 anos,H,Ver,34726,15618,1431,172,1A0,,Grande Lisboa
Grande Lisboa,60 - 64 anos,H,Ouvir,43016,7544,1006,134,1A0,,Grande Lisboa
Grande Lisboa,60 - 64 anos,H,Andar ou subir degraus,40621,9034,2064,339,1A0,,Grande Lisboa
Grande Lisboa,60 - 64 anos,H,Memória ou concentração,40923,9934,873,216,1A0,,Grande Lisboa
Grande Lisboa,60 - 64 anos,H,Compreender os outros ou fazer-se compreender,49485,2040,396,123,1A0,,Grande Lisboa
Grande Lisboa,60 - 64 anos,M,Ver,39566,22043,2667,140,1A0,,Grande Lisboa
Grande Lisboa,60 - 64 anos,M,Ouvir,54854,8057,982,161,1A0,,Grande Lisboa
Grande Lisboa,60 - 64 anos,M,Andar ou subir degraus,44238,16092,3850,308,1A0,,Grande Lisboa
Grande Lisboa,60 - 64 anos,M,Memória ou concentração,47081,15431,1603,248,1A0,,Grande Lisboa
Grande Lisboa,60 - 64 anos,M,Compreender os outros ou fazer-se compreender,61495,2446,352,138,1A0,,Grande Lisboa
Grande Lisboa,65 - 69 anos,H,Ver,31490,14615,1503,172,1A0,,Grande Lisboa
Grande Lisboa,65 - 69 anos,H,Ouvir,36770,9320,1332,119,1A0,,Grande Lisboa
Grande Lisboa,65 - 69 anos,H,Andar ou subir degraus,34808,10350,2336,405,1A0,,Grande Lisboa
Grande Lisboa,65 - 69 anos,H,Memória ou concentração,35672,10943,949,254,1A0,,Grande Lisboa
Grande Lisboa,65 - 69 anos,H,Compreender os outros ou fazer-se compreender,45202,2124,412,161,1A0,,Grande Lisboa
Grande Lisboa,65 - 69 anos,M,Ver,36913,21767,2807,157,1A0,,Grande Lisboa
Grande Lisboa,65 - 69 anos,M,Ouvir,50152,9681,1352,157,1A0,,Grande Lisboa
Grande Lisboa,65 - 69 anos,M,Andar ou subir degraus,38262,18335,4735,422,1A0,,Grande Lisboa
Grande Lisboa,65 - 69 anos,M,Memória ou concentração,42716,16853,1704,294,1A0,,Grande Lisboa
Grande Lisboa,65 - 69 anos,M,Compreender os outros ou fazer-se compreender,58480,2623,406,185,1A0,,Grande Lisboa
Grande Lisboa,70 - 74 anos,H,Ver,29053,14622,1774,214,1A0,,Grande Lisboa
Grande Lisboa,70 - 74 anos,H,Ouvir,31425,11904,1997,132,1A0,,Grande Lisboa
Grande Lisboa,70 - 74 anos,H,Andar ou subir degraus,30206,12057,2974,548,1A0,,Grande Lisboa
Grande Lisboa,70 - 74 anos,H,Memória ou concentração,30753,13197,1375,324,1A0,,Grande Lisboa
Grande Lisboa,70 - 74 anos,H,Compreender os outros ou fazer-se compreender,42459,2585,479,217,1A0,,Grande Lisboa
Grande Lisboa,70 - 74 anos,M,Ver,33713,22906,3410,180,1A0,,Grande Lisboa
Grande Lisboa,70 - 74 anos,M,Ouvir,45188,12488,2102,163,1A0,,Grande Lisboa
Grande Lisboa,70 - 74 anos,M,Andar ou subir degraus,31431,21574,6650,609,1A0,,Grande Lisboa
Grande Lisboa,70 - 74 anos,M,Memória ou concentração,37611,19587,2383,517,1A0,,Grande Lisboa
Grande Lisboa,70 - 74 anos,M,Compreender os outros ou fazer-se compreender,56194,3284,521,278,1A0,,Grande Lisboa
Grande Lisboa,75 ou mais anos,H,Ver,40777,32097,6712,590,1A0,,Grande Lisboa
Grande Lisboa,75 ou mais anos,H,Ouvir,40396,29480,9557,465,1A0,,Grande Lisboa
Grande Lisboa,75 ou mais anos,H,Andar ou subir degraus,34845,30424,12430,2629,1A0,,Grande Lisboa
Grande Lisboa,75 ou mais anos,H,Memória ou concentração,40066,31540,6509,1996,1A0,,Grande Lisboa
Grande Lisboa,75 ou mais anos,H,Compreender os outros ou fazer-se compreender,67315,9576,2474,944,1A0,,Grande Lisboa
Grande Lisboa,75 ou mais anos,M,Ver,49922,60170,17304,1052,1A0,,Grande Lisboa
Grande Lisboa,75 ou mais anos,M,Ouvir,64946,44857,17325,829,1A0,,Grande Lisboa
Grande Lisboa,75 ou mais anos,M,Andar ou subir degraus,32203,53219,35458,7775,1A0,,Grande Lisboa
Grande Lisboa,75 ou mais anos,M,Memória ou concentração,52605,54040,15583,6042,1A0,,Grande Lisboa
Grande Lisboa,75 ou mais anos,M,Compreender os outros ou fazer-se compreender,101497,18562,5552,2838,1A0,,Grande Lisboa
