Place of Residence,Age Group,Gender,Total,Portuguesa,Estrangeira,Europa,Alemanha,Áustria,Bélgica,Bulgária,Espanha,França,Irlanda,Itália,Luxemburgo,Países Baixos,Polónia,Roménia,Suécia,Federação da Rússia,Suíça,Ucrânia,África,África do Sul,Angola,Cabo Verde,Guiné-Bissau,Moçambique,São Tomé e Príncipe,América,Canadá,Estados Unidos da América,Argentina,Brasil,Venezuela,Ásia,Bangladeche,China,Índia,Nepal,Paquistão,Oceânia,freguesia_code,municipio,region
Grande Lisboa,Total,H,967149,803633,163516,30041,2425,109,814,359,2510,6129,210,1915,248,688,171,2185,436,765,1012,3899,69486,1226,25927,14156,8405,11617,4704,45156,437,1459,332,40082,1660,18611,4947,2739,3879,3201,1435,222,,,Grande Lisboa
Grande Lisboa,Total,M,1095157,900795,194362,33900,2585,154,752,448,3025,6733,165,1652,271,607,529,2554,415,1438,1109,4966,89162,1514,34641,19547,8690,14611,7054,58650,535,1429,366,52523,2106,12438,996,2990,2457,2257,638,212,,,Grande Lisboa
Grande Lisboa,0 - 4 anos,H,47448,45211,2237,798,69,3,31,1,96,119,11,22,9,22,7,14,10,11,40,22,382,20,193,41,46,20,41,840,9,68,6,713,22,208,47,34,20,16,20,9,,,Grande Lisboa
Grande Lisboa,0 - 4 anos,M,45272,43019,2253,711,53,6,36,0,83,105,17,23,10,15,4,9,6,10,47,21,435,18,196,60,57,26,43,900,4,72,7,773,16,200,32,34,42,15,19,7,,,Grande Lisboa
Grande Lisboa,5 - 9 anos,H,49718,44296,5422,1216,68,3,44,3,142,217,13,59,10,44,7,23,9,22,75,59,1334,46,661,181,160,59,135,2359,20,129,7,2093,67,497,73,85,77,95,43,16,,,Grande Lisboa
Grande Lisboa,5 - 9 anos,M,46914,41779,5135,1119,75,8,42,1,108,189,16,36,16,32,9,19,12,23,69,76,1308,42,656,187,159,57,119,2231,13,112,7,2008,59,463,49,100,78,63,50,14,,,Grande Lisboa
Grande Lisboa,10 - 14 anos,H,54107,48125,5982,1198,58,2,40,7,207,202,12,62,13,28,7,39,16,38,48,98,2021,44,870,409,314,55,221,2240,12,117,7,1991,70,513,54,114,85,88,59,10,,,Grande Lisboa
Grande Lisboa,10 - 14 anos,M,51425,45682,5743,1162,52,5,47,4,170,158,17,61,23,28,9,47,13,39,39,117,2034,36,843,407,327,74,227,2086,5,95,10,1859,71,453,40,119,59,80,39,8,,,Grande Lisboa
Grande Lisboa,15 - 19 anos,H,55154,48481,6673,1000,68,4,36,12,118,147,9,51,11,21,4,79,11,37,36,99,2690,40,852,670,568,92,292,2416,10,84,10,2197,73,562,50,138,95,109,57,5,,,Grande Lisboa
Grande Lisboa,15 - 19 anos,M,53311,46599,6712,1001,52,4,28,12,103,136,7,50,23,27,6,79,9,24,49,99,2893,47,918,764,510,114,405,2387,11,94,7,2161,56,422,39,119,62,87,33,9,,,Grande Lisboa
Grande Lisboa,20 - 24 anos,H,57915,47200,10715,1632,115,8,45,28,109,193,5,79,21,49,8,136,8,38,94,291,4209,58,1184,1256,853,182,387,3529,8,81,14,3232,105,1337,350,153,315,263,108,8,,,Grande Lisboa
Grande Lisboa,20 - 24 anos,M,56803,45868,10935,1772,142,8,43,24,121,231,5,95,23,49,13,130,13,42,101,337,4617,47,1477,1507,737,211,478,3704,15,64,8,3415,128,833,151,167,70,223,45,9,,,Grande Lisboa
Grande Lisboa,25 - 29 anos,H,61071,45693,15378,2567,171,5,76,28,214,380,11,223,30,62,12,159,18,58,220,371,4476,74,1077,1497,989,127,417,5395,33,104,23,4911,193,2925,979,214,645,706,186,15,,,Grande Lisboa
Grande Lisboa,25 - 29 anos,M,61727,45906,15821,3134,176,25,88,27,263,440,6,266,38,53,80,174,25,113,253,455,5129,75,1298,1861,894,147,634,5943,52,92,32,5395,220,1598,263,259,210,539,68,17,,,Grande Lisboa
Grande Lisboa,30 - 34 anos,H,62534,45454,17080,2773,169,11,65,30,193,483,9,288,26,59,25,196,21,95,185,357,4416,129,1087,1375,912,98,473,6300,70,128,50,5615,260,3560,1320,302,641,785,296,31,,,Grande Lisboa
Grande Lisboa,30 - 34 anos,M,64884,46653,18231,3564,175,16,71,51,248,543,16,269,27,57,117,369,20,208,199,464,5504,137,1388,1983,853,178,684,7278,66,145,54,6477,299,1853,227,337,266,607,103,32,,,Grande Lisboa
Grande Lisboa,35 - 39 anos,H,66313,50280,16033,2869,237,13,80,33,223,608,22,218,32,60,26,291,22,77,84,336,3994,186,1033,999,733,234,465,6234,45,114,44,5661,243,2900,1090,290,460,576,240,36,,,Grande Lisboa
Grande Lisboa,35 - 39 anos,M,71027,52482,18545,3650,251,20,61,55,248,680,16,234,29,48,119,397,24,202,104,524,5413,206,1542,1523,876,287,678,8018,77,145,42,7243,295,1446,101,340,217,357,88,18,,,Grande Lisboa
Grande Lisboa,40 - 44 anos,H,74857,59372,15485,3588,352,17,59,51,263,864,24,178,32,39,25,398,21,77,38,501,4480,185,1525,794,708,530,416,5457,64,114,43,4917,195,1939,605,320,319,338,144,21,,,Grande Lisboa
Grande Lisboa,40 - 44 anos,M,83086,63442,19644,4337,468,9,50,53,294,996,9,155,40,46,77,478,31,166,48,702,6408,221,2228,1392,921,687,666,7813,94,125,37,7113,241,1065,48,391,170,146,54,21,,,Grande Lisboa
Grande Lisboa,45 - 49 anos,H,76454,58557,17897,4133,447,7,77,48,213,1302,29,165,35,66,14,330,30,102,31,597,8989,173,4504,833,657,2116,377,3523,55,101,34,3054,172,1235,231,349,193,147,122,17,,,Grande Lisboa
Grande Lisboa,45 - 49 anos,M,85797,63558,22239,4505,498,9,51,52,274,1500,11,108,27,66,30,334,38,171,41,651,10921,226,5238,1383,782,2405,604,5900,75,105,57,5300,186,885,12,388,103,64,41,28,,,Grande Lisboa
Grande Lisboa,50 - 54 anos,H,66583,51838,14745,2846,283,5,69,37,185,759,18,108,14,61,8,276,19,51,28,455,8559,150,4051,1037,655,1976,406,2489,42,91,24,2161,94,837,92,312,136,43,66,14,,,Grande Lisboa
Grande Lisboa,50 - 54 anos,M,76132,57697,18435,3005,253,8,54,54,194,826,11,80,5,56,15,283,33,146,31,477,10486,192,4680,1700,731,2273,651,4275,63,82,22,3824,162,646,12,268,104,25,19,23,,,Grande Lisboa
Grande Lisboa,55 - 59 anos,H,60314,48864,11450,1687,123,10,33,32,135,231,7,89,2,48,7,134,29,68,26,328,7269,60,3033,1085,711,1765,375,1902,32,81,20,1621,79,581,28,204,126,20,34,11,,,Grande Lisboa
Grande Lisboa,55 - 59 anos,M,71732,56956,14776,1783,104,5,29,52,160,252,8,66,3,35,11,110,44,114,34,427,9009,97,3782,1664,618,2023,620,3402,27,74,19,3020,153,576,9,191,131,14,20,6,,,Grande Lisboa
Grande Lisboa,60 - 64 anos,H,54173,45333,8840,1283,74,7,51,27,99,125,13,73,2,34,5,71,71,46,23,263,5981,27,2264,1185,507,1489,284,1117,18,82,13,911,46,452,18,84,185,6,31,7,,,Grande Lisboa
Grande Lisboa,60 - 64 anos,M,67089,55261,11828,1276,58,3,33,41,112,140,10,60,3,22,11,79,47,75,20,332,7930,52,3304,1554,525,1777,489,2123,13,73,19,1835,101,495,6,107,171,8,24,4,,,Grande Lisboa
Grande Lisboa,65 - 69 anos,H,49744,43219,6525,934,65,2,32,9,100,156,13,106,5,34,6,32,73,16,27,96,4554,10,1558,1278,297,1055,186,665,7,63,10,526,22,363,7,68,153,4,18,9,,,Grande Lisboa
Grande Lisboa,65 - 69 anos,M,64031,54970,9061,869,30,5,31,12,89,147,6,43,0,16,9,30,49,54,23,186,6429,34,2572,1481,313,1506,339,1278,4,64,15,1048,75,478,3,82,188,13,17,7,,,Grande Lisboa
Grande Lisboa,70 - 74 anos,H,47402,43328,4074,726,36,6,42,11,70,168,4,100,3,29,4,5,46,20,28,21,2702,12,901,564,185,820,111,369,3,47,10,273,14,270,3,42,127,3,4,7,,,Grande Lisboa
Grande Lisboa,70 - 74 anos,M,62360,56592,5768,696,50,6,32,7,103,143,6,39,3,25,9,7,25,31,23,60,4026,30,1697,711,170,1113,175,633,6,42,10,515,28,411,2,46,192,12,9,2,,,Grande Lisboa
Grande Lisboa,75 - 79 anos,H,37170,34830,2340,394,44,3,19,1,47,88,2,56,1,15,4,1,20,3,18,0,1555,5,478,438,69,445,56,181,5,26,6,122,2,204,0,21,131,2,2,6,,,Grande Lisboa
Grande Lisboa,75 - 79 anos,M,50743,47197,3546,471,52,7,28,1,116,95,1,21,1,14,3,3,19,6,15,21,2510,21,1047,487,109,664,100,332,4,22,13,256,11,231,2,16,149,2,4,2,,,Grande Lisboa
Grande Lisboa,80 - 84 anos,H,25725,24235,1490,227,25,3,8,0,45,49,4,30,2,6,2,0,9,1,6,5,1056,6,368,277,28,312,41,75,4,17,3,43,2,132,0,7,95,0,4,0,,,Grande Lisboa
Grande Lisboa,80 - 84 anos,M,39312,36619,2693,402,64,5,12,1,136,64,2,21,0,14,2,1,4,12,6,15,1920,19,815,450,51,466,67,168,4,4,4,143,1,200,0,14,137,1,3,3,,,Grande Lisboa
Grande Lisboa,85 e mais anos,H,20467,19317,1150,170,21,0,7,1,51,38,4,8,0,11,0,1,3,5,5,0,819,1,288,237,13,242,21,65,0,12,8,41,1,96,0,2,76,0,1,0,,,Grande Lisboa
Grande Lisboa,85 e mais anos,M,43512,40515,2997,443,32,5,16,1,203,88,1,25,0,4,5,5,3,2,7,2,2190,14,960,433,57,603,75,179,2,19,3,138,4,183,0,12,108,1,2,2,,,Grande Lisboa
